{"schemaVersion":"1.0","appDefinitionTemplate":{"id":"/providers/Microsoft.PowerApps/apps/","type":"Microsoft.PowerApps/apps","tags":{"primaryDeviceWidth":"640","primaryDeviceHeight":"1136","sienaVersion":"20200912T115044Z-3.20085.19.0","deviceCapabilities":"","supportsPortrait":"true","supportsLandscape":"false","primaryFormFactor":"Phone","publisherVersion":"3.20085.19","minimumRequiredApiVersion":"2.2.0","hasComponent":"true","hasUnlockedComponent":"true","isUnifiedRootApp":"false"},"properties":{"appVersion":"2020-09-12T11:50:44Z","lifeCycleId":"Published","createdByClientVersion":{"major":3,"minor":20085,"build":19,"revision":0,"majorRevision":0,"minorRevision":0},"minClientVersion":{"major":3,"minor":20085,"build":19,"revision":0,"majorRevision":0,"minorRevision":0},"backgroundColor":"rgba(0, 176, 240, 1)","backgroundImageUri":"/18292775415698211487/Ne24e7f6c-c1ae-4e78-a04d-40715437281f-logoSmallFile","displayName":"Judy's Flower App - MSA Web App & APIs","description":"","commitMessage":"","appUris":{"documentUri":{"value":"/18292775415698211487/Ned53790d-d861-4707-be81-672f758a24ed-document.msapp","readonlyValue":"/18292775415698211487/Ned53790d-d861-4707-be81-672f758a24ed-document.msapp"},"imageUris":[]},"createdTime":"0001-01-01T00:00:00Z","lastModifiedTime":"0001-01-01T00:00:00Z","sharedGroupsCount":0,"sharedUsersCount":0,"icons":{"smallIconUri":"/18292775415698211487/N173df354-b462-431e-babf-b9bdb72c64cd-small.png","mediumIconUri":"/18292775415698211487/N85e99d0b-1008-413e-b3bb-01ef4694681a-medium.png","largeIconUri":"/18292775415698211487/Nc0d58d0e-f54a-455b-8863-654dad26133c-large.png","wideIconUri":"/18292775415698211487/N5489d512-d2d7-4793-858b-d07a9f574908-wide.png"},"connectionReferences":{"f2db00a5-1dfb-424e-8349-362eba4526c0":{"id":"b0a2bf2d-9545-48a4-9f6b-ca6216f665a7","displayName":"Office 365 Outlook","iconUri":"https://connectoricons-prod.azureedge.net/releases/v1.0.1385/1.0.1385.2110/office365/icon.png","dataSources":["Office365Outlook"],"dependencies":[],"dependents":[],"parameterHints":{},"isOnPremiseConnection":false,"dataSets":{},"apiTier":"Standard","isCustomApiConnection":false}},"databaseReferences":{},"almMode":"Environment","performanceOptimizationEnabled":true,"canConsumeAppPass":true},"isAppComponentLibrary":false,"appType":"ClassicCanvasApp","appComponents":[]}}